experiment_id,created_at,ok,action,target,frames,experience_hit,message
01be008c65b1440f,2026-09-11T11:09:50.779006+00:00,True,grab,red_cup,4,False,指令已在虚拟引擎中执行
2b80af916a594c0f,2026-09-11T11:09:50.787024+00:00,True,grab,red_cup,4,True,指令已在虚拟引擎中执行
68e8c138080744cb,2026-09-11T11:09:50.789021+00:00,False,,,0,False,暂时无法识别该指令，请换一种说法试试。
83f8538a1c814265,2026-09-11T11:09:51.236882+00:00,True,grab,red_cup,4,True,指令已在虚拟引擎中执行
6c0abfcecd0a45cf,2026-09-11T11:09:51.239227+00:00,False,,,0,False,暂时无法识别该指令，请换一种说法试试。
68040014df4248ba,2026-09-11T11:12:48.722174+00:00,True,move,,1,False,step1
aadd6afb747c43a0,2026-09-11T11:12:49.083391+00:00,True,grab,red_cup,4,True,指令已在虚拟引擎中执行
e74d2c71dfb34eee,2026-09-11T11:12:49.091977+00:00,True,grab,red_cup,4,True,指令已在虚拟引擎中执行
3646fa2c421947e0,2026-09-11T11:12:49.541650+00:00,True,grab,red_cup,4,True,指令已在虚拟引擎中执行
5bcec1fdd10b4990,2026-09-11T11:12:49.549831+00:00,True,grab,red_cup,4,True,指令已在虚拟引擎中执行
77d8512057fb49ff,2026-09-11T11:12:49.551831+00:00,False,,,0,False,暂时无法识别该指令，请换一种说法试试。
df245e7edd234ed8,2026-09-11T11:12:49.882894+00:00,True,grab,red_cup,4,True,指令已在虚拟引擎中执行
c24eccab4b134c2a,2026-09-11T11:12:49.884904+00:00,False,,,0,False,暂时无法识别该指令，请换一种说法试试。
b2a86c9c521f497b,2026-09-11T11:16:17.971610+00:00,True,grab,red_cup,4,True,指令已在虚拟引擎中执行
856f9ea532b144b8,2026-09-11T11:16:17.973608+00:00,False,,,0,False,暂时无法识别该指令，请换一种说法试试。
c47461d6319a4e7d,2026-09-11T11:16:17.975617+00:00,False,,,0,False,思考遇到一些阻碍，请稍后再试。
8958a00345494364,2026-09-11T11:16:18.989139+00:00,True,grab,red_cup,4,True,指令已在虚拟引擎中执行
23cc417f68df44a1,2026-09-11T11:16:18.991137+00:00,False,,,0,False,暂时无法识别该指令，请换一种说法试试。
6635a4a823984672,2026-09-11T11:16:19.127175+00:00,True,move,,1,False,step1
8d4c9c9f696447e8,2026-09-11T11:16:19.461578+00:00,True,grab,red_cup,4,True,指令已在虚拟引擎中执行
23c8f6333b10497f,2026-09-11T11:16:19.470018+00:00,True,grab,red_cup,4,True,指令已在虚拟引擎中执行
6c701ed254fc4f95,2026-09-11T11:16:19.968480+00:00,True,grab,red_cup,4,True,指令已在虚拟引擎中执行
5ce8c59bb7b64f7c,2026-09-11T11:16:19.975479+00:00,True,grab,red_cup,4,True,指令已在虚拟引擎中执行
968ed505e25e4916,2026-09-11T11:16:19.976947+00:00,False,,,0,False,暂时无法识别该指令，请换一种说法试试。
2bccf4cfda1d4938,2026-09-11T11:20:02.870492+00:00,True,grab,red_cup,4,True,指令已在虚拟引擎中执行
b640d446e1804619,2026-09-11T11:20:02.877593+00:00,True,grab,red_cup,4,True,指令已在虚拟引擎中执行
33002e9c145d46e6,2026-09-11T11:20:02.879594+00:00,False,,,0,False,暂时无法识别该指令，请换一种说法试试。
8965ba54993544cd,2026-09-11T11:20:03.228186+00:00,True,grab,red_cup,4,True,指令已在虚拟引擎中执行
af2492c9cb7c4ad9,2026-09-11T11:20:03.231196+00:00,False,,,0,False,暂时无法识别该指令，请换一种说法试试。
30f59dc958274438,2026-09-11T11:21:46.966244+00:00,True,grab,red_cup,4,True,指令已在虚拟引擎中执行
793b2ea1f87940fd,2026-09-11T11:21:46.973963+00:00,True,grab,red_cup,4,True,指令已在虚拟引擎中执行
1e3e0fee71064c55,2026-09-11T11:21:46.974962+00:00,False,,,0,False,暂时无法识别该指令，请换一种说法试试。
54f3a0e0a5024807,2026-09-11T11:23:58.716084+00:00,True,grab,red_cup,4,True,指令已在虚拟引擎中执行
2c2858524eb144d0,2026-09-11T11:23:58.724610+00:00,True,grab,red_cup,4,True,指令已在虚拟引擎中执行
f8e0a51bbbb24406,2026-09-11T11:23:58.726659+00:00,False,,,0,False,暂时无法识别该指令，请换一种说法试试。
5aace3f87beb4a2b,2026-09-11T11:26:36.544751+00:00,True,home,,4,False,指令已在虚拟引擎中执行
6d48589ab55543e0,2026-09-11T11:26:36.589757+00:00,True,grab,red_cup,4,True,指令已在虚拟引擎中执行
0d64b46b0ce946d5,2026-09-11T11:26:39.245260+00:00,True,grab,red_cup,4,True,指令已在虚拟引擎中执行
e91d8bdc83f74dac,2026-09-11T11:26:39.253467+00:00,True,grab,red_cup,4,True,指令已在虚拟引擎中执行
6e13965a6e7645f0,2026-09-11T11:26:39.255521+00:00,False,,,0,False,暂时无法识别该指令，请换一种说法试试。
743050415a834398,2026-09-11T11:29:09.955405+00:00,True,grab,red_cup,4,True,指令已在虚拟引擎中执行
d8035d1a76a54028,2026-09-11T11:29:09.956406+00:00,False,,,0,False,暂时无法识别该指令，请换一种说法试试。
8210ca51106a479d,2026-09-11T11:29:09.958407+00:00,False,,,0,False,思考遇到一些阻碍，请稍后再试。
f51269e8ef744dee,2026-09-11T11:29:10.928870+00:00,True,grab,red_cup,4,True,指令已在虚拟引擎中执行
d0d39c6a09f74ca6,2026-09-11T11:29:10.930870+00:00,False,,,0,False,暂时无法识别该指令，请换一种说法试试。
2f176051cdb44cb8,2026-09-11T11:29:11.072833+00:00,True,move,,1,False,step1
c43d90bc5c054f96,2026-09-11T11:29:11.389220+00:00,True,grab,red_cup,4,True,指令已在虚拟引擎中执行
73fae1086d9d4026,2026-09-11T11:29:11.395596+00:00,True,grab,red_cup,4,True,指令已在虚拟引擎中执行
1cb30ab61cc94ae4,2026-09-11T11:29:11.807193+00:00,True,grab,red_cup,4,True,指令已在虚拟引擎中执行
daa90b6529704168,2026-09-11T11:29:11.815845+00:00,True,grab,red_cup,4,True,指令已在虚拟引擎中执行
49388a50f165446f,2026-09-11T11:29:11.816855+00:00,False,,,0,False,暂时无法识别该指令，请换一种说法试试。
8489d72d02ab48c6,2026-09-11T11:29:13.851446+00:00,True,home,,4,True,指令已在虚拟引擎中执行
730b7ef56c194e72,2026-09-11T11:29:13.902146+00:00,True,grab,red_cup,4,True,指令已在虚拟引擎中执行
ef0d472bd6c84637,2026-09-11T11:29:14.700496+00:00,True,grab,red_cup,4,True,指令已在虚拟引擎中执行
57787d59a899444c,2026-09-11T11:35:16.840911+00:00,True,grab,red_cup,4,True,指令已在虚拟引擎中执行
9740f5d6648f4144,2026-09-11T11:39:23.097480+00:00,True,home,,4,True,指令已在虚拟引擎中执行
188cf6ad05ba4675,2026-09-11T11:39:23.113639+00:00,True,grab,red_cup,4,True,指令已在虚拟引擎中执行
231d161669c1441e,2026-09-11T11:39:23.128721+00:00,True,home,,4,True,指令已在虚拟引擎中执行
a337bfb0df7140be,2026-09-11T11:39:23.828242+00:00,True,grab,red_cup,4,True,指令已在虚拟引擎中执行
08b96cef876943ac,2026-09-11T11:39:24.158091+00:00,True,grab,red_cup,4,True,指令已在虚拟引擎中执行
37658f7cf2174e42,2026-09-11T11:39:24.170483+00:00,True,grab,red_cup,4,True,指令已在虚拟引擎中执行
d89874829fe5429f,2026-09-11T11:41:14.019789+00:00,True,home,,4,True,指令已在虚拟引擎中执行
943613c2971a4c8b,2026-09-11T11:41:14.030966+00:00,True,grab,red_cup,4,True,指令已在虚拟引擎中执行
94531a940a364808,2026-09-11T11:41:14.439442+00:00,True,home,,4,True,指令已在虚拟引擎中执行
09e572b7d91d4946,2026-09-11T11:41:14.454972+00:00,True,grab,red_cup,4,True,指令已在虚拟引擎中执行
3d4b5d2963c7461c,2026-09-11T11:41:14.468973+00:00,True,home,,4,True,指令已在虚拟引擎中执行
381ff763980d45a4,2026-09-11T11:41:14.655568+00:00,True,home,,4,True,指令已在虚拟引擎中执行
4792a572a31d477c,2026-09-11T11:41:14.717588+00:00,True,grab,red_cup,4,True,指令已在虚拟引擎中执行
3178db4f17c34dc6,2026-09-11T11:44:27.677183+00:00,True,grab,red_cup,4,True,指令已在虚拟引擎中执行
06d1697d760f4354,2026-09-11T11:44:27.679182+00:00,False,,,0,False,暂时无法识别该指令，请换一种说法试试。
31acb17850a84754,2026-09-11T11:44:27.681184+00:00,False,,,0,False,思考遇到一些阻碍，请稍后再试。
8f4e7f8054ff49d7,2026-09-11T11:44:28.862719+00:00,True,grab,red_cup,4,True,指令已在虚拟引擎中执行
63daf7010ca24adb,2026-09-11T11:44:28.865402+00:00,False,,,0,False,暂时无法识别该指令，请换一种说法试试。
1fa3c7eaaac3420b,2026-09-11T11:44:29.203622+00:00,True,grab,red_cup,4,True,指令已在虚拟引擎中执行
ef452451de4c494b,2026-09-11T11:44:29.210620+00:00,True,grab,red_cup,4,True,指令已在虚拟引擎中执行
5b043bba79aa4ded,2026-09-11T11:44:29.214135+00:00,False,,,0,False,暂时无法识别该指令，请换一种说法试试。
726edd5aa0d849e1,2026-09-11T11:44:29.344178+00:00,True,move,,1,False,step1
944342cec8844d5d,2026-09-11T11:44:29.663688+00:00,True,grab,red_cup,4,True,指令已在虚拟引擎中执行
0b3677a5fcda44fc,2026-09-11T11:44:29.671961+00:00,True,grab,red_cup,4,True,指令已在虚拟引擎中执行
896c3853631848bb,2026-09-11T11:44:30.103477+00:00,True,grab,red_cup,4,True,指令已在虚拟引擎中执行
c5195226fdc044a5,2026-09-11T11:44:32.104410+00:00,True,home,,4,True,指令已在虚拟引擎中执行
4a7585d0b87e4cca,2026-09-11T11:44:32.161194+00:00,True,grab,red_cup,4,True,指令已在虚拟引擎中执行
698c9419bc634d88,2026-09-11T11:44:33.269280+00:00,True,home,,4,True,指令已在虚拟引擎中执行
1a79d7cc7e904f9f,2026-09-11T11:44:33.282279+00:00,True,grab,red_cup,4,True,指令已在虚拟引擎中执行
1496e768e3da4a6e,2026-09-11T11:44:33.291278+00:00,True,home,,4,True,指令已在虚拟引擎中执行
1e6f2f756d1e4497,2026-09-11T11:44:33.562027+00:00,True,home,,4,True,指令已在虚拟引擎中执行
f13aa7266897437c,2026-09-11T11:44:33.569539+00:00,True,grab,red_cup,4,True,指令已在虚拟引擎中执行
d29fe83425474465,2026-09-11T11:44:33.876129+00:00,True,home,,4,True,指令已在虚拟引擎中执行
05a589913aca4da3,2026-09-11T11:44:33.893288+00:00,True,grab,red_cup,4,True,指令已在虚拟引擎中执行
be6bea21fbdd4d09,2026-09-11T11:46:19.600703+00:00,True,grab,red_cup,4,True,指令已在虚拟引擎中执行
8fea7424b9ed4a72,2026-09-11T11:46:19.602863+00:00,False,,,0,False,暂时无法识别该指令，请换一种说法试试。
5801aa8e45f042e7,2026-09-11T11:46:19.603875+00:00,False,,,0,False,思考遇到一些阻碍，请稍后再试。
cbc3c9e62ef741e3,2026-09-11T11:46:19.966435+00:00,True,grab,red_cup,4,True,指令已在虚拟引擎中执行
12bd812f41ba48f4,2026-09-11T11:46:20.951247+00:00,True,grab,red_cup,4,True,指令已在虚拟引擎中执行
8b272e3f341d49f5,2026-09-11T11:46:20.953244+00:00,False,,,0,False,暂时无法识别该指令，请换一种说法试试。
d614fa8b0ff749da,2026-09-11T11:46:21.291150+00:00,True,grab,red_cup,4,True,指令已在虚拟引擎中执行
8b0e315c580c4c10,2026-09-11T11:46:21.298638+00:00,True,grab,red_cup,4,True,指令已在虚拟引擎中执行
a87c831897a64185,2026-09-11T11:46:21.300859+00:00,False,,,0,False,暂时无法识别该指令，请换一种说法试试。
f0754d5c0d7b4fe3,2026-09-11T11:46:21.428042+00:00,True,move,,1,False,step1
3c6ac11f66c1463e,2026-09-11T11:46:21.755543+00:00,True,grab,red_cup,4,True,指令已在虚拟引擎中执行
0783b6a1f0304e8e,2026-09-11T11:46:21.764693+00:00,True,grab,red_cup,4,True,指令已在虚拟引擎中执行
c2a08fe0f9c14f33,2026-09-11T11:46:22.217575+00:00,True,grab,red_cup,4,True,指令已在虚拟引擎中执行
554d8f5b6417490b,2026-09-11T11:46:24.217125+00:00,True,home,,4,True,指令已在虚拟引擎中执行
60c96969070c4f67,2026-09-11T11:46:24.269544+00:00,True,grab,red_cup,4,True,指令已在虚拟引擎中执行
82cd5f93a9674188,2026-09-11T11:46:25.344682+00:00,True,home,,4,True,指令已在虚拟引擎中执行
ba5822c6c8464901,2026-09-11T11:46:25.361175+00:00,True,grab,red_cup,4,True,指令已在虚拟引擎中执行
e349da95e2684c16,2026-09-11T11:46:25.373754+00:00,True,home,,4,True,指令已在虚拟引擎中执行
b6d01a40346d473f,2026-09-11T11:46:25.657658+00:00,True,home,,4,True,指令已在虚拟引擎中执行
3f28038559e04f1c,2026-09-11T11:46:25.665207+00:00,True,grab,red_cup,4,True,指令已在虚拟引擎中执行
640305a1b668485c,2026-09-11T11:46:26.002551+00:00,True,home,,4,True,指令已在虚拟引擎中执行
bc7d3758c8744315,2026-09-11T11:46:26.015581+00:00,True,grab,red_cup,4,True,指令已在虚拟引擎中执行
61f90755efcb4231,2026-09-11T11:47:25.626735+00:00,True,home,,4,True,指令已在虚拟引擎中执行
273a11675cd34b2c,2026-09-11T11:47:25.640417+00:00,True,grab,red_cup,4,True,指令已在虚拟引擎中执行
547996d2977544c1,2026-09-11T11:47:26.055523+00:00,True,grab,red_cup,4,True,指令已在虚拟引擎中执行
84733448d1324d51,2026-09-11T11:47:26.058521+00:00,False,,,0,False,暂时无法识别该指令，请换一种说法试试。
5619563b6cba46e9,2026-09-11T11:47:26.060527+00:00,False,,,0,False,思考遇到一些阻碍，请稍后再试。
464a1d66d25a49b9,2026-09-11T11:48:53.106978+00:00,True,home,,4,True,指令已在虚拟引擎中执行
501ec5c43aa34dc9,2026-09-11T11:48:53.429606+00:00,True,home,,4,True,指令已在虚拟引擎中执行
48cbb437dd514459,2026-09-11T11:48:53.442621+00:00,True,grab,red_cup,4,True,指令已在虚拟引擎中执行
efd127f77b3f42a5,2026-09-11T11:51:19.164381+00:00,True,home,,4,True,指令已在虚拟引擎中执行
7dd564aedfbd4e6e,2026-09-11T11:51:19.491072+00:00,True,home,,4,True,指令已在虚拟引擎中执行
eebb2d5cf8ec4ff4,2026-09-11T11:51:19.781628+00:00,True,home,,4,True,指令已在虚拟引擎中执行
bc8b4c43d794485f,2026-09-11T11:51:19.790442+00:00,True,grab,red_cup,4,True,指令已在虚拟引擎中执行
c10e1cb286164f49,2026-09-11T11:52:42.225084+00:00,True,grab,red_cup,1,False,step3_browse
686878a3679c4195,2026-09-11T11:52:42.314570+00:00,True,move,,1,False,step1
ba5c7429f32f4f4f,2026-09-11T11:52:42.661221+00:00,True,home,,4,True,指令已在虚拟引擎中执行
21774e1eff4a44fb,2026-09-11T11:53:59.482487+00:00,True,grab,red_cup,1,False,step3_browse
dc2a4c187a5346fc,2026-09-11T11:53:59.946368+00:00,True,home,,4,True,指令已在虚拟引擎中执行
32e5d6af283d416f,2026-09-11T11:58:56.377127+00:00,True,grab,red_cup,4,True,指令已在虚拟引擎中执行
db83941a85394249,2026-09-11T11:58:56.379939+00:00,False,,,0,False,暂时无法识别该指令，请换一种说法试试。
5006b7ba9ddc43a4,2026-09-11T11:58:56.380949+00:00,False,,,0,False,思考遇到一些阻碍，请稍后再试。
dfb6899e9b4340a8,2026-09-11T11:58:56.722266+00:00,True,grab,red_cup,4,True,指令已在虚拟引擎中执行
4211e4b372d44bae,2026-09-11T11:58:57.674902+00:00,True,grab,red_cup,4,True,指令已在虚拟引擎中执行
9ef4c790fb8e43c1,2026-09-11T11:58:57.677425+00:00,False,,,0,False,暂时无法识别该指令，请换一种说法试试。
303446b8a95f409d,2026-09-11T11:58:58.026296+00:00,True,grab,red_cup,4,True,指令已在虚拟引擎中执行
a3de34ba8e324bed,2026-09-11T11:58:58.034471+00:00,True,grab,red_cup,4,True,指令已在虚拟引擎中执行
62d210191c984f38,2026-09-11T11:58:58.036471+00:00,False,,,0,False,暂时无法识别该指令，请换一种说法试试。
4b5ab1eb47ea4cf8,2026-09-11T11:58:58.369618+00:00,True,grab,red_cup,4,True,指令已在虚拟引擎中执行
058890214f5d4210,2026-09-11T11:58:58.684369+00:00,True,home,,4,True,指令已在虚拟引擎中执行
e0b0d2d18c22466a,2026-09-11T11:58:58.696208+00:00,True,grab,red_cup,4,True,指令已在虚拟引擎中执行
2dd1c32ea66d40f6,2026-09-11T11:58:59.025191+00:00,True,home,,4,True,指令已在虚拟引擎中执行
60b64a96b2604b77,2026-09-11T11:58:59.303375+00:00,True,home,,4,True,指令已在虚拟引擎中执行
daab00e7aa9a4a8d,2026-09-11T11:58:59.400744+00:00,True,grab,red_cup,1,False,step3_browse
2388a8404f414812,2026-09-11T11:58:59.761834+00:00,True,grab,red_cup,4,True,指令已在虚拟引擎中执行
6066a56edc8f4bf1,2026-09-11T12:01:01.020813+00:00,True,grab,red_cup,1,False,step3_browse
af32197187984b7b,2026-09-11T14:21:00.841747+00:00,True,home,,4,True,指令已在虚拟引擎中执行
fe4d7acbf02b49e4,2026-09-11T14:21:01.166915+00:00,True,grab,red_cup,4,True,指令已在虚拟引擎中执行
fdc46028cedf4aab,2026-09-12T04:39:56.642024+00:00,False,,,0,False,暂时无法识别该指令。请带上「抓/拿/放/移/回零」等词，或在 .env 打开 LLM_BACKEND=api 以理解更自由的说法。
9d82090e73834396,2026-09-12T04:40:32.731845+00:00,True,grab,red_block,4,False,指令已在虚拟引擎中执行
ba86650e00564655,2026-09-12T04:40:38.026641+00:00,False,,,0,False,暂时无法识别该指令。请带上「抓/拿/放/移/回零」等词，或在 .env 打开 LLM_BACKEND=api 以理解更自由的说法。
3307026b32974b13,2026-09-12T04:41:02.274917+00:00,True,grab,red_block,4,True,指令已在虚拟引擎中执行
1af25dffcc76475d,2026-09-12T04:41:06.974819+00:00,False,,,0,False,暂时无法识别该指令。请带上「抓/拿/放/移/回零」等词，或在 .env 打开 LLM_BACKEND=api 以理解更自由的说法。
e6c24339538945d5,2026-09-12T05:32:03.510441+00:00,True,grab,red_block,4,True,指令已在虚拟引擎中执行
8735c35e17114193,2026-09-12T06:38:40.682455+00:00,True,home,,4,True,指令已在虚拟引擎中执行
e6c55e477d45450f,2026-09-12T06:38:41.056307+00:00,True,grab,red_cup,4,True,指令已在虚拟引擎中执行
8eb0515223d14d77,2026-09-12T06:38:41.057307+00:00,False,,,0,False,暂时无法识别该指令。请带上「抓/拿/放/移/回零」等词，或在 .env 打开 LLM_BACKEND=api 以理解更自由的说法。
ac7e32c5753e4dd1,2026-09-12T06:38:41.058308+00:00,False,,,0,False,思考遇到一些阻碍，请稍后再试。
ee61718abdcf41c1,2026-09-12T06:41:25.568646+00:00,True,home,,4,True,指令已在虚拟引擎中执行
bd7c1289164745d4,2026-09-12T06:41:25.983695+00:00,True,grab,red_cup,4,True,指令已在虚拟引擎中执行
84955730d4544a97,2026-09-12T06:41:25.985772+00:00,False,,,0,False,暂时无法识别该指令。请带上「抓/拿/放/移/回零」等词，或在 .env 打开 LLM_BACKEND=api 以理解更自由的说法。
b98c882e8c2244ae,2026-09-12T06:41:25.988102+00:00,False,,,0,False,思考遇到一些阻碍，请稍后再试。
fbfa837e70114cdd,2026-09-12T06:41:26.336945+00:00,True,grab,red_cup,4,True,指令已在虚拟引擎中执行
ccf23594c08a41da,2026-09-12T06:41:26.345946+00:00,True,grab,red_cup,4,True,指令已在虚拟引擎中执行
2dffb39924784b99,2026-09-12T06:41:36.400223+00:00,True,home,,4,True,指令已在虚拟引擎中执行
97b610d1bb7e48ef,2026-09-12T06:41:54.873962+00:00,True,home,,4,False,指令已在虚拟引擎中执行
c53afed361694db5,2026-09-12T06:41:54.886027+00:00,True,grab,red_block,4,True,指令已在虚拟引擎中执行
2e309a96cee04ac4,2026-09-12T06:41:54.898952+00:00,False,grab,red_block,0,True,"安全闸拒绝：关节目标超限。关节0: 9.0000 超出 [-2.8000, 2.8000]；关节1: -9.0000 超出 [-2.5000, 2.5000]"
35b8436921744cfc,2026-09-12T06:41:55.290419+00:00,True,grab,red_cup,4,True,指令已在虚拟引擎中执行
eadc095c37ba4174,2026-09-12T06:41:55.293423+00:00,False,,,0,False,暂时无法识别该指令。请带上「抓/拿/放/移/回零」等词，或在 .env 打开 LLM_BACKEND=api 以理解更自由的说法。
edb18daa1d2d4e6e,2026-09-12T06:41:55.295424+00:00,False,,,0,False,思考遇到一些阻碍，请稍后再试。
3b8a5e1f671d4787,2026-09-12T06:41:55.591031+00:00,True,grab,red_cup,4,True,指令已在虚拟引擎中执行
b4cf1fff2bf043b8,2026-09-12T06:41:55.599036+00:00,True,grab,red_cup,4,True,指令已在虚拟引擎中执行
108c02256e024cef,2026-09-12T06:41:55.900037+00:00,True,home,,4,True,指令已在虚拟引擎中执行
f767b0d89ac34393,2026-09-12T06:41:55.913045+00:00,True,grab,red_cup,4,True,指令已在虚拟引擎中执行
4bb42b82376c4cc6,2026-09-12T06:44:13.269643+00:00,True,home,,4,False,指令已在虚拟引擎中执行
44a2b9e39eb44939,2026-09-12T06:44:13.280638+00:00,True,grab,red_block,4,True,指令已在虚拟引擎中执行
cd8dc52e50b24766,2026-09-12T06:44:13.289754+00:00,False,grab,red_block,0,True,"安全闸拒绝：关节目标超限。关节0: 9.0000 超出 [-2.8000, 2.8000]；关节1: -9.0000 超出 [-2.5000, 2.5000]"
c445167b19cf4a36,2026-09-12T06:44:13.686652+00:00,True,grab,red_cup,4,True,指令已在虚拟引擎中执行
f8bd652d59f94c70,2026-09-12T06:44:13.687652+00:00,False,,,0,False,暂时无法识别该指令。请带上「抓/拿/放/移/回零」等词，或在 .env 打开 LLM_BACKEND=api 以理解更自由的说法。
f4bb368d18a042d8,2026-09-12T06:44:13.690991+00:00,False,,,0,False,思考遇到一些阻碍，请稍后再试。
386cbaa8b7724b9e,2026-09-12T06:44:14.009614+00:00,True,grab,red_cup,4,True,指令已在虚拟引擎中执行
2883415f3ae741d2,2026-09-12T06:44:14.018571+00:00,True,grab,red_cup,4,True,指令已在虚拟引擎中执行
a0b3a6f139a145c6,2026-09-12T06:44:14.314464+00:00,True,home,,4,True,指令已在虚拟引擎中执行
92c682ca4d844ea5,2026-09-12T06:44:14.323944+00:00,True,grab,red_cup,4,True,指令已在虚拟引擎中执行
4036b8f7bf4b4fe2,2026-09-12T06:47:48.369520+00:00,True,home,,4,False,指令已在虚拟引擎中执行
3396b67e88af4b8a,2026-09-12T06:47:48.377531+00:00,True,grab,red_block,4,True,指令已在虚拟引擎中执行
edd42bcecd944caa,2026-09-12T06:47:48.387395+00:00,False,grab,red_block,0,True,"安全闸拒绝：关节目标超限。关节0: 9.0000 超出 [-2.8000, 2.8000]；关节1: -9.0000 超出 [-2.5000, 2.5000]"
9da22e6b0e114a60,2026-09-12T06:47:48.744855+00:00,True,grab,red_cup,4,True,指令已在虚拟引擎中执行
1e6383e7082348c6,2026-09-12T06:47:48.747097+00:00,False,,,0,False,暂时无法识别该指令。请带上「抓/拿/放/移/回零」等词，或在 .env 打开 LLM_BACKEND=api 以理解更自由的说法。
e4c2579e57d54a46,2026-09-12T06:47:48.748105+00:00,False,,,0,False,思考遇到一些阻碍，请稍后再试。
7ce7eb0ba8314764,2026-09-12T06:47:49.067180+00:00,True,grab,red_cup,4,True,指令已在虚拟引擎中执行
74c7648e7c0a4035,2026-09-12T06:47:49.076185+00:00,True,grab,red_cup,4,True,指令已在虚拟引擎中执行
8cd5539235d94e58,2026-09-12T06:49:26.062435+00:00,True,home,,4,False,指令已在虚拟引擎中执行
35a95e40f1c24c6a,2026-09-12T06:49:26.071504+00:00,True,grab,red_block,4,True,指令已在虚拟引擎中执行
4f6b35c60003405a,2026-09-12T06:49:26.081582+00:00,False,grab,red_block,0,True,"安全闸拒绝：关节目标超限。关节0: 9.0000 超出 [-2.8000, 2.8000]；关节1: -9.0000 超出 [-2.5000, 2.5000]"
34e400ecaaa24439,2026-09-12T06:49:27.572341+00:00,True,grab,red_cup,4,True,指令已在虚拟引擎中执行
cda296a70e4d4b38,2026-09-12T06:49:27.574981+00:00,False,,,0,False,暂时无法识别该指令。请带上「抓/拿/放/移/回零」等词，或在 .env 打开 LLM_BACKEND=api 以理解更自由的说法。
776888b48526453b,2026-09-12T06:49:27.574981+00:00,False,,,0,False,思考遇到一些阻碍，请稍后再试。
4fb158054b9d4bbe,2026-09-12T06:49:27.861233+00:00,True,grab,red_cup,4,True,指令已在虚拟引擎中执行
e0b4191d99c64349,2026-09-12T06:49:27.873694+00:00,True,grab,red_cup,4,True,指令已在虚拟引擎中执行
f5092ac74ed34937,2026-09-12T06:49:28.336566+00:00,True,home,,4,True,指令已在虚拟引擎中执行
c490fecc1dad4b9f,2026-09-12T06:49:28.344600+00:00,True,grab,red_cup,4,True,指令已在虚拟引擎中执行
038b4ff318314fbb,2026-09-12T06:49:28.615284+00:00,True,home,,4,True,指令已在虚拟引擎中执行
a31022ae06c4407c,2026-09-12T06:56:44.152058+00:00,True,home,,4,True,指令已在虚拟引擎中执行
d2b3a25836b94801,2026-09-12T06:56:44.762489+00:00,True,move,,1,False,step1
2b3be69bbc16486e,2026-09-12T06:56:45.064797+00:00,True,grab,red_cup,4,True,指令已在虚拟引擎中执行
0c323f6ef7494b39,2026-09-12T06:56:45.072797+00:00,True,grab,red_cup,4,True,指令已在虚拟引擎中执行
ace9e413b2b246d7,2026-09-12T06:56:45.388520+00:00,True,home,,4,False,指令已在虚拟引擎中执行
fd4edc67444f48cf,2026-09-12T06:56:45.397926+00:00,True,grab,red_block,4,True,指令已在虚拟引擎中执行
53daed33dcc344ec,2026-09-12T06:56:45.405922+00:00,False,grab,red_block,0,True,"安全闸拒绝：关节目标超限。关节0: 9.0000 超出 [-2.8000, 2.8000]；关节1: -9.0000 超出 [-2.5000, 2.5000]"
01eddf76b5194f69,2026-09-12T06:58:42.239215+00:00,True,grab,red_block,4,False,指令已在虚拟引擎中执行
adedc11cb5ab4fc8,2026-09-12T06:58:42.794409+00:00,True,grab,red_cup,4,True,指令已在虚拟引擎中执行
13f1045d08054678,2026-09-12T06:58:42.805458+00:00,True,grab,red_cup,4,True,指令已在虚拟引擎中执行
a4d531c00efb4bf4,2026-09-12T06:58:43.136077+00:00,True,home,,4,True,指令已在虚拟引擎中执行
def3028232414f7a,2026-09-12T06:58:43.475476+00:00,True,home,,4,False,指令已在虚拟引擎中执行
47e32d8a202144c6,2026-09-12T06:58:43.483835+00:00,True,grab,red_block,4,True,指令已在虚拟引擎中执行
c6f7960131ba4c8e,2026-09-12T06:58:43.491921+00:00,False,grab,red_block,0,True,"安全闸拒绝：关节目标超限。关节0: 9.0000 超出 [-2.8000, 2.8000]；关节1: -9.0000 超出 [-2.5000, 2.5000]"
984b9550205443e7,2026-09-12T07:00:23.481246+00:00,True,grab,red_block,4,False,指令已在虚拟引擎中执行
ea56a474bb2d401c,2026-09-12T07:00:23.791322+00:00,True,home,,4,True,指令已在虚拟引擎中执行
b6a54560fcde4ba6,2026-09-12T07:02:55.810954+00:00,True,home,,4,True,指令已在虚拟引擎中执行
55787910be9a4273,2026-09-12T07:02:56.027327+00:00,True,grab,red_block,4,False,指令已在虚拟引擎中执行
9c9b5b6786a44ca0,2026-09-12T07:02:56.665486+00:00,True,home,,4,False,指令已在虚拟引擎中执行
5dc84ce4cd5e49a4,2026-09-12T07:02:56.674582+00:00,True,grab,red_block,4,True,指令已在虚拟引擎中执行
5f69f13024f44aae,2026-09-12T07:02:56.685519+00:00,False,grab,red_block,0,True,"安全闸拒绝：关节目标超限。关节0: 9.0000 超出 [-2.8000, 2.8000]；关节1: -9.0000 超出 [-2.5000, 2.5000]"
e7aaf031a6574447,2026-09-12T07:02:58.097825+00:00,True,grab,red_cup,4,True,指令已在虚拟引擎中执行
a1f333e775d04c8a,2026-09-12T07:02:58.100399+00:00,False,,,0,False,暂时无法识别该指令。请带上「抓/拿/放/移/回零」等词，或在 .env 打开 LLM_BACKEND=api 以理解更自由的说法。
b01ab33efe614323,2026-09-12T07:02:58.102406+00:00,False,,,0,False,思考遇到一些阻碍，请稍后再试。
86e5cde9ca43416a,2026-09-12T07:02:58.392767+00:00,True,grab,red_cup,4,True,指令已在虚拟引擎中执行
9c72128909aa4528,2026-09-12T07:02:58.404964+00:00,True,grab,red_cup,4,True,指令已在虚拟引擎中执行
81a6827ea57e4229,2026-09-12T07:02:58.785224+00:00,True,home,,4,True,指令已在虚拟引擎中执行
48b831d3f9be4810,2026-09-12T07:02:58.793241+00:00,True,grab,red_cup,4,True,指令已在虚拟引擎中执行
ceda2b2426f24d3d,2026-09-12T07:02:59.065367+00:00,True,home,,4,True,指令已在虚拟引擎中执行
6bb6a362c43c4fe6,2026-09-12T07:02:59.640597+00:00,True,grab,red_cup,4,True,指令已在虚拟引擎中执行
c44ed41103ff48ff,2026-09-12T07:02:59.648592+00:00,True,grab,red_cup,4,True,指令已在虚拟引擎中执行
8eaea9250b364fd2,2026-09-12T07:02:59.935474+00:00,True,home,,4,True,指令已在虚拟引擎中执行
011b27406aaf4665,2026-09-12T07:02:59.943707+00:00,True,grab,red_cup,4,True,指令已在虚拟引擎中执行
278bee38774f4691,2026-09-12T07:03:00.315182+00:00,True,home,,4,True,指令已在虚拟引擎中执行
6b189f0b59454204,2026-09-12T07:03:00.521542+00:00,True,home,,4,True,指令已在虚拟引擎中执行
0371be1b4b904b45,2026-09-12T07:04:41.353270+00:00,True,home,,4,True,指令已在虚拟引擎中执行
8fca039b4e2c4bf2,2026-09-12T07:04:41.533251+00:00,True,grab,red_block,4,False,指令已在虚拟引擎中执行
46d2900592504750,2026-09-12T07:04:42.104755+00:00,True,home,,4,False,指令已在虚拟引擎中执行
e8473ae5768b4560,2026-09-12T07:04:42.116937+00:00,True,grab,red_block,4,True,指令已在虚拟引擎中执行
092759dff1374763,2026-09-12T07:04:42.128063+00:00,False,grab,red_block,0,True,"安全闸拒绝：关节目标超限。关节0: 9.0000 超出 [-2.8000, 2.8000]；关节1: -9.0000 超出 [-2.5000, 2.5000]"
53c744e2ff174f67,2026-09-12T07:04:43.526851+00:00,True,grab,red_cup,4,True,指令已在虚拟引擎中执行
ab9e55c826224fd7,2026-09-12T07:04:43.528852+00:00,False,,,0,False,暂时无法识别该指令。请带上「抓/拿/放/移/回零」等词，或在 .env 打开 LLM_BACKEND=api 以理解更自由的说法。
1b2b999eaf794783,2026-09-12T07:04:43.529851+00:00,False,,,0,False,思考遇到一些阻碍，请稍后再试。
8386891d0bb248b8,2026-09-12T07:04:43.796574+00:00,True,grab,red_cup,4,True,指令已在虚拟引擎中执行
0604be474d554261,2026-09-12T07:04:43.805653+00:00,True,grab,red_cup,4,True,指令已在虚拟引擎中执行
d69c8972b3df4b8d,2026-09-12T07:04:44.227944+00:00,True,home,,4,True,指令已在虚拟引擎中执行
4da57c9f69904737,2026-09-12T07:04:44.236943+00:00,True,grab,red_cup,4,True,指令已在虚拟引擎中执行
630246e1b65841b8,2026-09-12T07:04:44.504531+00:00,True,home,,4,True,指令已在虚拟引擎中执行
e2254e8c78ad450a,2026-09-12T07:04:45.080333+00:00,True,grab,red_cup,4,True,指令已在虚拟引擎中执行
904647af210f42c5,2026-09-12T07:04:45.090461+00:00,True,grab,red_cup,4,True,指令已在虚拟引擎中执行
8f1a122b8ba0428c,2026-09-12T07:04:45.407225+00:00,True,home,,4,True,指令已在虚拟引擎中执行
d0c49ac128444349,2026-09-12T07:04:45.423488+00:00,True,grab,red_cup,4,True,指令已在虚拟引擎中执行
a4453bee32054654,2026-09-12T07:04:45.746876+00:00,True,home,,4,True,指令已在虚拟引擎中执行
fe56f169daaf4362,2026-09-12T07:04:45.952125+00:00,True,home,,4,True,指令已在虚拟引擎中执行
79cd4dd4208f4920,2026-09-12T07:04:46.548368+00:00,True,home,,4,False,指令已在虚拟引擎中执行
41d0c45f407b4614,2026-09-12T07:04:46.562803+00:00,True,grab,red_block,4,True,指令已在虚拟引擎中执行
f8e0f49933984640,2026-09-12T07:04:46.580176+00:00,False,grab,red_block,0,True,"安全闸拒绝：关节目标超限。关节0: 9.0000 超出 [-2.8000, 2.8000]；关节1: -9.0000 超出 [-2.5000, 2.5000]"
5dffae0a16f34b52,2026-09-12T07:04:48.021556+00:00,True,grab,red_cup,4,True,指令已在虚拟引擎中执行
1da3665baa194c77,2026-09-12T07:04:48.023624+00:00,False,,,0,False,暂时无法识别该指令。请带上「抓/拿/放/移/回零」等词，或在 .env 打开 LLM_BACKEND=api 以理解更自由的说法。
0a0d0a75840f4bf2,2026-09-12T07:04:48.024624+00:00,False,,,0,False,思考遇到一些阻碍，请稍后再试。
5f77760901f74687,2026-09-12T07:04:48.305531+00:00,True,grab,red_cup,4,True,指令已在虚拟引擎中执行
bafc912e5e3845f0,2026-09-12T07:04:48.319637+00:00,True,grab,red_cup,4,True,指令已在虚拟引擎中执行
84dd852a799c4cd1,2026-09-12T07:04:48.688230+00:00,True,home,,4,True,指令已在虚拟引擎中执行
81d308543143499f,2026-09-12T07:04:48.697234+00:00,True,grab,red_cup,4,True,指令已在虚拟引擎中执行
f4f4b2786b7d4478,2026-09-12T07:04:48.961610+00:00,True,home,,4,True,指令已在虚拟引擎中执行
c671bb4adf8b414a,2026-09-12T07:04:49.524663+00:00,True,grab,red_cup,4,True,指令已在虚拟引擎中执行
8d8e14e8fc084635,2026-09-12T07:04:49.890373+00:00,True,home,,4,True,指令已在虚拟引擎中执行
3d712e53049c43b9,2026-09-12T07:04:49.909682+00:00,True,grab,red_cup,4,True,指令已在虚拟引擎中执行
0a8aa91f127d4da7,2026-09-12T07:04:50.241796+00:00,True,grab,red_cup,4,True,指令已在虚拟引擎中执行
fcb5aef7cbdd4d3d,2026-09-12T07:04:50.648581+00:00,True,grab,red_cup,4,True,指令已在虚拟引擎中执行
cf355912ebad42ec,2026-09-12T07:04:50.658922+00:00,True,grab,red_cup,4,True,指令已在虚拟引擎中执行
e5f8d1e1650f4b1c,2026-09-12T07:04:50.662929+00:00,False,,,0,False,暂时无法识别该指令。请带上「抓/拿/放/移/回零」等词，或在 .env 打开 LLM_BACKEND=api 以理解更自由的说法。
36a5b845d38d4fbe,2026-09-12T07:04:50.997033+00:00,True,grab,red_cup,4,True,指令已在虚拟引擎中执行
d20c44ca22ea491e,2026-09-12T07:04:50.998334+00:00,False,,,0,False,暂时无法识别该指令。请带上「抓/拿/放/移/回零」等词，或在 .env 打开 LLM_BACKEND=api 以理解更自由的说法。
c2c1cef8ec384804,2026-09-12T07:04:52.084289+00:00,True,grab,red_cup,4,True,指令已在虚拟引擎中执行
5f335dabc70c4344,2026-09-12T07:05:20.518168+00:00,True,home,,4,True,指令已在虚拟引擎中执行
eb91993375814ab0,2026-09-12T07:05:20.677429+00:00,True,grab,red_block,4,False,指令已在虚拟引擎中执行
93a7fa2470fe4ace,2026-09-12T07:05:21.231932+00:00,True,home,,4,False,指令已在虚拟引擎中执行
1459d7b6a6ee4767,2026-09-12T07:05:21.243012+00:00,True,grab,red_block,4,True,指令已在虚拟引擎中执行
8d054d6630594480,2026-09-12T07:05:21.255126+00:00,False,grab,red_block,0,True,"安全闸拒绝：关节目标超限。关节0: 9.0000 超出 [-2.8000, 2.8000]；关节1: -9.0000 超出 [-2.5000, 2.5000]"
b1da77378568428a,2026-09-12T07:05:22.769126+00:00,True,grab,red_cup,4,True,指令已在虚拟引擎中执行
359273caa9ef4d13,2026-09-12T07:05:22.773353+00:00,False,,,0,False,暂时无法识别该指令。请带上「抓/拿/放/移/回零」等词，或在 .env 打开 LLM_BACKEND=api 以理解更自由的说法。
8214658c915f4e07,2026-09-12T07:05:22.775359+00:00,False,,,0,False,思考遇到一些阻碍，请稍后再试。
adcf4f9fd8cb411b,2026-09-12T07:05:23.044906+00:00,True,grab,red_cup,4,True,指令已在虚拟引擎中执行
7ed6bd0334e14a01,2026-09-12T07:05:23.053231+00:00,True,grab,red_cup,4,True,指令已在虚拟引擎中执行
26ccaa6dd00a4936,2026-09-12T07:05:23.394694+00:00,True,home,,4,True,指令已在虚拟引擎中执行
eb4dd68a8e10482f,2026-09-12T07:05:23.403759+00:00,True,grab,red_cup,4,True,指令已在虚拟引擎中执行
6306004ac40f495b,2026-09-12T07:05:23.694977+00:00,True,home,,4,True,指令已在虚拟引擎中执行
e5328b889c304563,2026-09-12T07:05:24.309703+00:00,True,grab,red_cup,4,True,指令已在虚拟引擎中执行
383b2c9d11f949eb,2026-09-12T07:05:24.318871+00:00,True,grab,red_cup,4,True,指令已在虚拟引擎中执行
a49d02107a9f433b,2026-09-12T07:05:24.589126+00:00,True,home,,4,True,指令已在虚拟引擎中执行
e9a6d2e11eca4a1b,2026-09-12T07:05:24.600605+00:00,True,grab,red_cup,4,True,指令已在虚拟引擎中执行
50113c1234544a82,2026-09-12T07:05:24.884061+00:00,True,home,,4,True,指令已在虚拟引擎中执行
f6bff69bbde147c2,2026-09-12T07:05:25.093624+00:00,True,home,,4,True,指令已在虚拟引擎中执行
2da7a42bb85d414e,2026-09-12T07:05:25.648699+00:00,True,home,,4,False,指令已在虚拟引擎中执行
8876bd8bd54a4d17,2026-09-12T07:05:25.658271+00:00,True,grab,red_block,4,True,指令已在虚拟引擎中执行
640264107d484b04,2026-09-12T07:05:25.667481+00:00,False,grab,red_block,0,True,"安全闸拒绝：关节目标超限。关节0: 9.0000 超出 [-2.8000, 2.8000]；关节1: -9.0000 超出 [-2.5000, 2.5000]"
80ad3a3339874c16,2026-09-12T07:05:27.126129+00:00,True,grab,red_cup,4,True,指令已在虚拟引擎中执行
2b22311e1ae54c50,2026-09-12T07:05:27.129182+00:00,False,,,0,False,暂时无法识别该指令。请带上「抓/拿/放/移/回零」等词，或在 .env 打开 LLM_BACKEND=api 以理解更自由的说法。
2f1944e17f9b466e,2026-09-12T07:05:27.131180+00:00,False,,,0,False,思考遇到一些阻碍，请稍后再试。
e39bd003f50e4c60,2026-09-12T07:05:27.416759+00:00,True,grab,red_cup,4,True,指令已在虚拟引擎中执行
9d9e0ad924714188,2026-09-12T07:05:27.429846+00:00,True,grab,red_cup,4,True,指令已在虚拟引擎中执行
8425b8ffb7474445,2026-09-12T07:05:27.796932+00:00,True,home,,4,True,指令已在虚拟引擎中执行
53cab2f919b64d47,2026-09-12T07:05:27.806288+00:00,True,grab,red_cup,4,True,指令已在虚拟引擎中执行
d635b7a29a7f446c,2026-09-12T07:05:28.089964+00:00,True,home,,4,True,指令已在虚拟引擎中执行
ae1ed11678af40cf,2026-09-12T07:05:28.632219+00:00,True,grab,red_cup,4,True,指令已在虚拟引擎中执行
90f1810c55144426,2026-09-12T07:05:29.033366+00:00,True,home,,4,True,指令已在虚拟引擎中执行
b4b0245c28894359,2026-09-12T07:05:29.052233+00:00,True,grab,red_cup,4,True,指令已在虚拟引擎中执行
d340c75271444613,2026-09-12T07:05:29.387664+00:00,True,grab,red_cup,4,True,指令已在虚拟引擎中执行
e6eee9c722134057,2026-09-12T07:05:29.710831+00:00,True,grab,red_cup,4,True,指令已在虚拟引擎中执行
e7ecbe12895a490b,2026-09-12T07:05:29.718893+00:00,True,grab,red_cup,4,True,指令已在虚拟引擎中执行
c27dbf7ef7e94d65,2026-09-12T07:05:29.719891+00:00,False,,,0,False,暂时无法识别该指令。请带上「抓/拿/放/移/回零」等词，或在 .env 打开 LLM_BACKEND=api 以理解更自由的说法。
906fd7c8670149e6,2026-09-12T07:05:30.080243+00:00,True,grab,red_cup,4,True,指令已在虚拟引擎中执行
e862f1ccbba54a6b,2026-09-12T07:05:30.081249+00:00,False,,,0,False,暂时无法识别该指令。请带上「抓/拿/放/移/回零」等词，或在 .env 打开 LLM_BACKEND=api 以理解更自由的说法。
1dc1ac6b2b7d4762,2026-09-12T07:05:31.185168+00:00,True,grab,red_cup,4,True,指令已在虚拟引擎中执行
633db49609574313,2026-09-12T07:05:31.560489+00:00,True,grab,red_cup,4,True,指令已在虚拟引擎中执行
2cfd350b385b465b,2026-09-12T07:05:31.563492+00:00,False,,,0,False,暂时无法识别该指令。请带上「抓/拿/放/移/回零」等词，或在 .env 打开 LLM_BACKEND=api 以理解更自由的说法。
b3337c2f8cc24173,2026-09-12T07:05:31.567867+00:00,False,,,0,False,思考遇到一些阻碍，请稍后再试。
84262936a0d14b38,2026-09-12T07:05:32.398110+00:00,True,home,,4,True,指令已在虚拟引擎中执行
d77cddd7a65f4012,2026-09-12T07:05:32.533933+00:00,True,grab,red_block,4,False,指令已在虚拟引擎中执行
84601f4d245c42d8,2026-09-12T07:05:34.342383+00:00,True,grab,red_cup,4,True,指令已在虚拟引擎中执行
3bb26141cf4e4f5a,2026-09-12T07:05:34.344380+00:00,False,,,0,False,暂时无法识别该指令。请带上「抓/拿/放/移/回零」等词，或在 .env 打开 LLM_BACKEND=api 以理解更自由的说法。
dfc63251785f498b,2026-09-12T07:05:34.352464+00:00,True,home,,4,True,指令已在虚拟引擎中执行
c6dfae162b6c4195,2026-09-12T07:05:34.661213+00:00,True,grab,red_cup,4,True,指令已在虚拟引擎中执行
1ae9a834e102457d,2026-09-12T07:05:34.663521+00:00,False,,,0,False,暂时无法识别该指令。请带上「抓/拿/放/移/回零」等词，或在 .env 打开 LLM_BACKEND=api 以理解更自由的说法。
41d476ef18604fa0,2026-09-12T07:05:34.817422+00:00,True,move,,1,False,step1
c661e95226a94b01,2026-09-12T07:05:35.154397+00:00,True,grab,red_cup,4,True,指令已在虚拟引擎中执行
6c17da7b2f594b29,2026-09-12T07:05:35.162462+00:00,True,grab,red_cup,4,True,指令已在虚拟引擎中执行
581807c538a94472,2026-09-12T07:05:37.392076+00:00,True,home,,4,True,指令已在虚拟引擎中执行
6ddac9c30c59491f,2026-09-12T07:05:37.447796+00:00,True,grab,red_cup,4,True,指令已在虚拟引擎中执行
429a1824160949d6,2026-09-12T07:05:38.564647+00:00,True,home,,4,True,指令已在虚拟引擎中执行
669e62564cd6406c,2026-09-12T07:05:38.582298+00:00,True,grab,red_cup,4,True,指令已在虚拟引擎中执行
da0fdd60566b4121,2026-09-12T07:05:38.597298+00:00,True,home,,4,True,指令已在虚拟引擎中执行
f771b81d57334215,2026-09-12T07:05:38.875121+00:00,True,home,,4,True,指令已在虚拟引擎中执行
f55134f722b64a23,2026-09-12T07:05:38.888696+00:00,True,grab,red_cup,4,True,指令已在虚拟引擎中执行
622ae4a855a04658,2026-09-12T07:05:39.191538+00:00,True,home,,4,True,指令已在虚拟引擎中执行
38b56d8fc0c5498d,2026-09-12T07:05:39.476279+00:00,True,home,,4,True,指令已在虚拟引擎中执行
f5d72f582c894f71,2026-09-12T07:05:39.563736+00:00,True,grab,red_cup,1,False,step3_browse
fdb13932a9d64dd0,2026-09-12T07:05:40.013082+00:00,True,home,,4,False,指令已在虚拟引擎中执行
80169e0ba9e64400,2026-09-12T07:05:40.024013+00:00,True,grab,red_block,4,True,指令已在虚拟引擎中执行
53301b239f4c4736,2026-09-12T07:05:40.031252+00:00,False,grab,red_block,0,True,"安全闸拒绝：关节目标超限。关节0: 9.0000 超出 [-2.8000, 2.8000]；关节1: -9.0000 超出 [-2.5000, 2.5000]"
7e9cd1a494b24a7d,2026-09-12T07:13:40.640595+00:00,True,home,,4,True,指令已在虚拟引擎中执行
85611dd6c4c04ef1,2026-09-12T15:16:51.596474+00:00,True,home,,4,True,指令已在虚拟引擎中执行
4dfb5f81025141cd,2026-09-12T15:16:51.639175+00:00,True,grab,red_cup,4,True,指令已在虚拟引擎中执行
85702ba534e748ca,2026-09-12T15:21:31.172389+00:00,True,home,,4,True,指令已在虚拟引擎中执行
42bdf692e2c14f6b,2026-09-12T15:21:31.334516+00:00,True,home,,4,True,指令已在虚拟引擎中执行
ec460ce3e29e473e,2026-09-12T15:21:31.372275+00:00,True,grab,red_cup,4,True,指令已在虚拟引擎中执行
02d3fe3fba9d4402,2026-09-12T15:21:56.407301+00:00,True,grab,red_cup,1,False,step3_browse
9f6bfdd978d24fed,2026-09-12T15:28:25.642661+00:00,True,home,,4,True,指令已在虚拟引擎中执行
461ac2bc37294bb4,2026-09-12T15:28:25.685003+00:00,True,grab,red_cup,4,True,指令已在虚拟引擎中执行
4fd12f2b8fd943f3,2026-09-12T15:30:44.894435+00:00,True,home,,4,False,指令已在虚拟引擎中执行
3fd9cfd77fde4176,2026-09-12T15:30:44.902066+00:00,True,grab,red_block,4,True,指令已在虚拟引擎中执行
0cbea09d8e634d08,2026-09-12T15:30:44.911065+00:00,False,grab,red_block,0,True,"安全闸拒绝：关节目标超限。关节0: 9.0000 超出 [-2.8000, 2.8000]；关节1: -9.0000 超出 [-2.5000, 2.5000]"
0c965a3e5e864af9,2026-09-12T15:30:46.304569+00:00,True,grab,red_cup,4,True,指令已在虚拟引擎中执行
4b9138095e62499b,2026-09-12T15:30:46.307578+00:00,False,,,0,False,暂时无法识别该指令。请带上「抓/拿/放/移/回零」等词，或在 .env 打开 LLM_BACKEND=api 以理解更自由的说法。
3366ee048eed431a,2026-09-12T15:30:46.309820+00:00,False,,,0,False,思考遇到一些阻碍，请稍后再试。
aad2aa5f34aa4aa9,2026-09-12T15:30:46.620987+00:00,True,grab,red_cup,4,True,指令已在虚拟引擎中执行
66a7ca91e39f4e87,2026-09-12T15:30:46.631370+00:00,True,grab,red_cup,4,True,指令已在虚拟引擎中执行
26a6b9219ac34621,2026-09-12T15:30:46.990603+00:00,True,home,,4,True,指令已在虚拟引擎中执行
4ed43a8344384c08,2026-09-12T15:30:46.999873+00:00,True,grab,red_cup,4,True,指令已在虚拟引擎中执行
253f9500a4f94e57,2026-09-12T15:30:47.274012+00:00,True,home,,4,True,指令已在虚拟引擎中执行
3e6e353ced01433a,2026-09-12T15:30:48.068227+00:00,True,home,,4,True,指令已在虚拟引擎中执行
8b436c5805f94f2a,2026-09-12T15:30:49.881673+00:00,True,home,,4,True,指令已在虚拟引擎中执行
cc163574de8042e1,2026-09-12T15:30:49.928680+00:00,True,grab,red_cup,4,True,指令已在虚拟引擎中执行
b98d1e90d1c14259,2026-09-12T15:30:50.657631+00:00,True,grab,red_block,4,True,指令已在虚拟引擎中执行
9ec9b2c695a743cf,2026-09-12T15:32:28.032825+00:00,True,grab,red_block,4,True,指令已在虚拟引擎中执行
401f8cce955a4c9f,2026-09-12T15:32:47.116446+00:00,True,grab,red_block,4,True,指令已在虚拟引擎中执行
c9cd2065e99c4044,2026-09-12T15:33:37.800067+00:00,True,home,,4,False,指令已在虚拟引擎中执行
147eab7b0c374e58,2026-09-12T15:33:37.807954+00:00,True,grab,red_block,4,True,指令已在虚拟引擎中执行
e2f0e09211d3425f,2026-09-12T15:33:37.819374+00:00,False,grab,red_block,0,True,"安全闸拒绝：关节目标超限。关节0: 9.0000 超出 [-2.8000, 2.8000]；关节1: -9.0000 超出 [-2.5000, 2.5000]"
a2056959134846a1,2026-09-12T15:33:39.194256+00:00,True,grab,red_cup,4,True,指令已在虚拟引擎中执行
69413215516f4b8e,2026-09-12T15:33:39.196250+00:00,False,,,0,False,暂时无法识别该指令。请带上「抓/拿/放/移/回零」等词，或在 .env 打开 LLM_BACKEND=api 以理解更自由的说法。
e8fd52426e154d7c,2026-09-12T15:33:39.199383+00:00,False,,,0,False,思考遇到一些阻碍，请稍后再试。
2572fbe93317402c,2026-09-12T15:33:39.466831+00:00,True,grab,red_cup,4,True,指令已在虚拟引擎中执行
5b4a67df8d3e441d,2026-09-12T15:33:39.475090+00:00,True,grab,red_cup,4,True,指令已在虚拟引擎中执行
85a5d4e3178c4674,2026-09-12T15:33:39.836288+00:00,True,home,,4,True,指令已在虚拟引擎中执行
7535f9fd82ed4064,2026-09-12T15:33:39.844674+00:00,True,grab,red_cup,4,True,指令已在虚拟引擎中执行
cf49387b397c444f,2026-09-12T15:33:40.112408+00:00,True,home,,4,True,指令已在虚拟引擎中执行
8c6856b757434f32,2026-09-12T15:33:40.837969+00:00,True,home,,4,True,指令已在虚拟引擎中执行
d3758b9c731442d1,2026-09-12T15:33:42.660732+00:00,True,home,,4,True,指令已在虚拟引擎中执行
be36a857667545c3,2026-09-12T15:33:42.697184+00:00,True,grab,red_cup,4,True,指令已在虚拟引擎中执行
53fd571f9ffd49c1,2026-09-12T15:33:43.476457+00:00,True,grab,red_block,4,True,指令已在虚拟引擎中执行
b6120b3e1295420e,2026-09-13T02:03:18.653907+00:00,True,home,,4,True,指令已在虚拟引擎中执行
c21c2eb8b3c240ff,2026-09-13T02:03:18.670077+00:00,True,grab,red_cup,4,True,指令已在虚拟引擎中执行
274e12885b034041,2026-09-13T02:03:18.680276+00:00,True,home,,4,True,指令已在虚拟引擎中执行
1ba1f17b9da7463f,2026-09-13T02:59:48.897946+00:00,True,home,,4,True,指令已在虚拟引擎中执行
85d2c66b11c94fca,2026-09-13T02:59:48.913422+00:00,True,grab,red_cup,4,True,指令已在虚拟引擎中执行
e4d0206fe35b4564,2026-09-13T02:59:48.923515+00:00,True,home,,4,True,指令已在虚拟引擎中执行
8388386fc97d418a,2026-09-13T03:16:36.043760+00:00,True,home,,4,True,指令已在虚拟引擎中执行
aa437f911e1d4e2b,2026-09-13T03:16:36.055770+00:00,True,grab,red_cup,4,True,指令已在虚拟引擎中执行
b907138453f741d4,2026-09-13T03:16:36.067083+00:00,True,home,,4,True,指令已在虚拟引擎中执行
67353275f5b34fab,2026-09-13T03:16:36.377036+00:00,True,home,,4,True,指令已在虚拟引擎中执行
e7510f31bd534afa,2026-09-13T03:16:36.389549+00:00,True,grab,red_cup,4,True,指令已在虚拟引擎中执行
6166eb6802ac48b0,2026-09-13T03:19:25.920392+00:00,True,grab,red_block,4,True,指令已在虚拟引擎中执行
b987ee331c864d96,2026-09-13T03:22:58.152138+00:00,True,grab,red_block,4,True,指令已在虚拟引擎中执行
17154c15d8454fa7,2026-09-13T03:22:58.165156+00:00,True,home,,4,True,指令已在虚拟引擎中执行
015bb13d8ec74616,2026-09-13T03:22:58.455103+00:00,True,home,,4,True,指令已在虚拟引擎中执行
412618f850bf4ee3,2026-09-13T03:22:58.470732+00:00,True,grab,red_cup,4,True,指令已在虚拟引擎中执行
2d90661792d74dd8,2026-09-13T03:22:58.483730+00:00,True,home,,4,True,指令已在虚拟引擎中执行
e1a10d44de6b4467,2026-09-13T03:22:59.359134+00:00,True,grab,red_block,4,True,指令已在虚拟引擎中执行
1abc23842d9342c3,2026-09-13T03:26:06.776306+00:00,True,grab,red_block,4,True,指令已在虚拟引擎中执行
fb1ef1af2d3b446a,2026-09-13T03:26:06.788304+00:00,True,home,,4,True,指令已在虚拟引擎中执行
753d272c7d544f5d,2026-09-13T03:27:18.370491+00:00,True,grab,red_block,4,True,指令已在虚拟引擎中执行
8b65c858c59f43e2,2026-09-13T03:27:19.127537+00:00,True,grab,red_block,4,True,指令已在虚拟引擎中执行
80935a9c63364652,2026-09-13T03:27:19.139591+00:00,True,home,,4,True,指令已在虚拟引擎中执行
596d571533be4a2a,2026-09-13T03:27:21.131469+00:00,True,home,,4,True,指令已在虚拟引擎中执行
b2e13c4b7ce44a6c,2026-09-13T03:27:21.144017+00:00,True,grab,red_cup,4,True,指令已在虚拟引擎中执行
8bdd9ae24ee8421e,2026-09-13T03:27:21.154978+00:00,True,home,,4,True,指令已在虚拟引擎中执行
a58040c81c6347bf,2026-09-13T03:31:01.143807+00:00,True,grab,red_block,4,True,指令已在虚拟引擎中执行
560eee7f43f84971,2026-09-13T03:31:01.908161+00:00,True,grab,red_block,4,True,指令已在虚拟引擎中执行
ace00a5ac8154cd0,2026-09-13T03:31:01.919906+00:00,True,home,,4,True,指令已在虚拟引擎中执行
cd7d3bc1cec64eda,2026-09-13T03:31:03.882456+00:00,True,home,,4,True,指令已在虚拟引擎中执行
cf5cd8ae1fc14a32,2026-09-13T03:31:03.895977+00:00,True,grab,red_cup,4,True,指令已在虚拟引擎中执行
a0b5d73ce5cc4b2b,2026-09-13T03:31:03.907291+00:00,True,home,,4,True,指令已在虚拟引擎中执行
944dd01463734b6e,2026-09-13T03:31:07.309223+00:00,True,home,,4,True,指令已在虚拟引擎中执行
51ccd8fab0a94d4e,2026-09-13T03:31:07.323616+00:00,True,grab,red_cup,4,True,指令已在虚拟引擎中执行
c20b0f8d3dbb481a,2026-09-13T03:31:07.333855+00:00,True,home,,4,True,指令已在虚拟引擎中执行
0136462ce14f44a3,2026-09-13T03:31:13.419023+00:00,True,home,,4,False,指令已在虚拟引擎中执行
8a45ddc5933f4a71,2026-09-13T03:31:13.425998+00:00,True,grab,red_block,4,True,指令已在虚拟引擎中执行
db0587c2849247df,2026-09-13T03:31:13.433458+00:00,False,grab,red_block,0,True,"安全闸拒绝：关节目标超限。关节0: 9.0000 超出 [-2.8000, 2.8000]；关节1: -9.0000 超出 [-2.5000, 2.5000]"
0eb93e9d91d84d99,2026-09-13T03:31:14.789372+00:00,True,grab,red_cup,4,True,指令已在虚拟引擎中执行
e06ea7307b3148e8,2026-09-13T03:31:14.792369+00:00,False,,,0,False,暂时无法识别该指令。请带上「抓/拿/放/移/回零」等词，或在 .env 打开 LLM_BACKEND=api 以理解更自由的说法。
182655cb5a9a4ee1,2026-09-13T03:31:14.795368+00:00,False,,,0,False,思考遇到一些阻碍，请稍后再试。
cc0daed0723441a1,2026-09-13T03:31:15.053371+00:00,True,grab,red_cup,4,True,指令已在虚拟引擎中执行
763efb6f1107423b,2026-09-13T03:31:15.060764+00:00,True,grab,red_cup,4,True,指令已在虚拟引擎中执行
d185625df8ed4fd6,2026-09-13T03:31:15.388237+00:00,True,home,,4,True,指令已在虚拟引擎中执行
6d202752b38e46be,2026-09-13T03:31:15.397464+00:00,True,grab,red_cup,4,True,指令已在虚拟引擎中执行
606bf938ea544812,2026-09-13T03:31:15.672644+00:00,True,home,,4,True,指令已在虚拟引擎中执行
3a82b7a17f9a4fc9,2026-09-13T03:31:18.461520+00:00,True,home,,4,True,指令已在虚拟引擎中执行
56e01d515d484bdc,2026-09-13T03:31:20.255352+00:00,True,home,,4,True,指令已在虚拟引擎中执行
c9b69e5666f144ee,2026-09-13T03:31:20.309865+00:00,True,grab,red_cup,4,True,指令已在虚拟引擎中执行
f9ee7c4568644474,2026-09-13T03:31:21.041753+00:00,True,grab,red_block,4,True,指令已在虚拟引擎中执行
afff50d7e30446d6,2026-09-13T03:31:23.698015+00:00,True,home,,4,True,指令已在虚拟引擎中执行
2c6141d129514da9,2026-09-13T03:31:23.818939+00:00,True,grab,red_block,4,False,指令已在虚拟引擎中执行
b322df8a443d4ea4,2026-09-13T03:31:24.352072+00:00,True,home,,4,False,指令已在虚拟引擎中执行
79575ed1c5784094,2026-09-13T03:31:24.361955+00:00,True,grab,red_block,4,True,指令已在虚拟引擎中执行
efc2164b6afa4744,2026-09-13T03:31:24.368955+00:00,False,grab,red_block,0,True,"安全闸拒绝：关节目标超限。关节0: 9.0000 超出 [-2.8000, 2.8000]；关节1: -9.0000 超出 [-2.5000, 2.5000]"
a96f7fe75f76444e,2026-09-13T03:31:25.746429+00:00,True,grab,red_cup,4,True,指令已在虚拟引擎中执行
8a1ee0db31724308,2026-09-13T03:31:25.749890+00:00,False,,,0,False,暂时无法识别该指令。请带上「抓/拿/放/移/回零」等词，或在 .env 打开 LLM_BACKEND=api 以理解更自由的说法。
4dea86d06f8f47e1,2026-09-13T03:31:25.751890+00:00,False,,,0,False,思考遇到一些阻碍，请稍后再试。
4ef7e9e3185a4a27,2026-09-13T03:31:25.998534+00:00,True,grab,red_cup,4,True,指令已在虚拟引擎中执行
5498270b10dd4621,2026-09-13T03:31:26.009535+00:00,True,grab,red_cup,4,True,指令已在虚拟引擎中执行
fc9f79c188134326,2026-09-13T03:31:26.333542+00:00,True,home,,4,True,指令已在虚拟引擎中执行
8cd711332730450e,2026-09-13T03:31:26.342993+00:00,True,grab,red_cup,4,True,指令已在虚拟引擎中执行
6635a9409e7a4887,2026-09-13T03:31:26.604319+00:00,True,home,,4,True,指令已在虚拟引擎中执行
56b2a9883ab247b6,2026-09-13T03:31:29.206961+00:00,True,grab,red_cup,4,True,指令已在虚拟引擎中执行
30a75bc0e7514513,2026-09-13T03:31:29.214960+00:00,True,grab,red_cup,4,True,指令已在虚拟引擎中执行
a9073cb2d90f41d5,2026-09-13T03:31:29.460739+00:00,True,home,,4,True,指令已在虚拟引擎中执行
2f321141627a4633,2026-09-13T03:31:29.469357+00:00,True,grab,red_cup,4,True,指令已在虚拟引擎中执行
eac83f08edd2414d,2026-09-13T03:31:29.717878+00:00,True,home,,4,True,指令已在虚拟引擎中执行
2f9714c862ee4ba8,2026-09-13T03:31:29.929894+00:00,True,home,,4,True,指令已在虚拟引擎中执行
1155c66282384f89,2026-09-13T03:31:32.439291+00:00,True,home,,4,False,指令已在虚拟引擎中执行
264562c1219f4962,2026-09-13T03:31:32.447682+00:00,True,grab,red_block,4,True,指令已在虚拟引擎中执行
526bac25ee7f4366,2026-09-13T03:31:32.455075+00:00,False,grab,red_block,0,True,"安全闸拒绝：关节目标超限。关节0: 9.0000 超出 [-2.8000, 2.8000]；关节1: -9.0000 超出 [-2.5000, 2.5000]"
aac39f7140784986,2026-09-13T03:31:33.799840+00:00,True,grab,red_cup,4,True,指令已在虚拟引擎中执行
3550ede771364474,2026-09-13T03:31:33.801852+00:00,False,,,0,False,暂时无法识别该指令。请带上「抓/拿/放/移/回零」等词，或在 .env 打开 LLM_BACKEND=api 以理解更自由的说法。
eaa47e53a25d478e,2026-09-13T03:31:33.803853+00:00,False,,,0,False,思考遇到一些阻碍，请稍后再试。
6c3a5ad8fb4a44cb,2026-09-13T03:31:34.077488+00:00,True,grab,red_cup,4,True,指令已在虚拟引擎中执行
f8eafd6ca9c24269,2026-09-13T03:31:34.086184+00:00,True,grab,red_cup,4,True,指令已在虚拟引擎中执行
0841aaf9265e4081,2026-09-13T03:31:34.426425+00:00,True,home,,4,True,指令已在虚拟引擎中执行
ec88b1c2bfeb4a40,2026-09-13T03:31:34.436489+00:00,True,grab,red_cup,4,True,指令已在虚拟引擎中执行
d658d78145f84202,2026-09-13T03:31:34.695873+00:00,True,home,,4,True,指令已在虚拟引擎中执行
a6e905ee0a794577,2026-09-13T03:31:47.932575+00:00,True,grab,red_cup,4,True,指令已在虚拟引擎中执行
b8e55a6345a44286,2026-09-13T03:31:47.934623+00:00,False,,,0,False,暂时无法识别该指令。请带上「抓/拿/放/移/回零」等词，或在 .env 打开 LLM_BACKEND=api 以理解更自由的说法。
bc17d3f2e63c4843,2026-09-13T03:31:47.935624+00:00,False,,,0,False,思考遇到一些阻碍，请稍后再试。
d9d977e69ea14100,2026-09-13T03:31:48.227609+00:00,True,home,,4,True,指令已在虚拟引擎中执行
f6ebdecaa87e451c,2026-09-13T03:31:48.239618+00:00,True,grab,red_cup,4,True,指令已在虚拟引擎中执行
f8f9b594ea7445c4,2026-09-13T03:31:50.602072+00:00,True,grab,red_cup,4,True,指令已在虚拟引擎中执行
563d43b1301a4bd5,2026-09-13T03:32:42.445355+00:00,True,home,,4,True,指令已在虚拟引擎中执行
b32c38d0766c4b57,2026-09-13T03:32:42.460520+00:00,True,grab,red_cup,4,True,指令已在虚拟引擎中执行
b3dcbd53ffcc48b5,2026-09-13T03:32:42.471560+00:00,True,home,,4,True,指令已在虚拟引擎中执行
a826622863014533,2026-09-13T03:43:30.777431+00:00,True,grab,red_cup,4,True,指令已在虚拟引擎中执行
33f2254d05d54ac3,2026-09-13T03:43:30.781427+00:00,False,,,0,False,暂时无法识别该指令。请带上「抓/拿/放/移/回零」等词，或在 .env 打开 LLM_BACKEND=api 以理解更自由的说法。
5f18cb1865fa42fd,2026-09-13T03:43:30.782440+00:00,False,,,0,False,思考遇到一些阻碍，请稍后再试。
f9d899101e384a19,2026-09-13T03:47:49.871782+00:00,True,grab,red_cup,4,True,指令已在虚拟引擎中执行
fa5e947fc250402e,2026-09-13T03:47:49.874781+00:00,False,,,0,False,暂时无法识别该指令。请带上「抓/拿/放/移/回零」等词，或在 .env 打开 LLM_BACKEND=api 以理解更自由的说法。
fe169113fea742a1,2026-09-13T03:47:49.876784+00:00,False,,,0,False,思考遇到一些阻碍，请稍后再试。
d5846c3a8b754948,2026-09-13T03:52:07.447867+00:00,True,grab,red_block,4,True,指令已在虚拟引擎中执行
36659be2942445f0,2026-09-13T03:54:07.539269+00:00,True,grab,red_block,4,True,指令已在虚拟引擎中执行
aff3d41dc8484fc9,2026-09-13T03:54:10.459583+00:00,True,home,,4,True,指令已在虚拟引擎中执行
41a24d77d63641e5,2026-09-13T03:54:10.473168+00:00,True,grab,red_cup,4,True,指令已在虚拟引擎中执行
81a0d953ce8748d8,2026-09-13T03:54:10.486339+00:00,True,home,,4,True,指令已在虚拟引擎中执行
8d827b0407dc470c,2026-09-13T03:56:44.867182+00:00,True,grab,red_block,4,True,指令已在虚拟引擎中执行
49159ea79d594c7d,2026-09-13T03:56:51.954363+00:00,True,grab,red_block,4,True,指令已在虚拟引擎中执行
f040367fd7df4822,2026-09-13T03:56:52.952617+00:00,True,grab,red_block,4,True,指令已在虚拟引擎中执行
febf56c5508544a8,2026-09-13T03:56:53.729029+00:00,True,grab,red_block,4,True,指令已在虚拟引擎中执行
a8f1f064a2764d87,2026-09-13T03:56:53.739594+00:00,True,home,,4,True,指令已在虚拟引擎中执行
c47348350d60490a,2026-09-13T03:56:55.720909+00:00,True,home,,4,True,指令已在虚拟引擎中执行
25edc626772a4b16,2026-09-13T03:56:55.735943+00:00,True,grab,red_cup,4,True,指令已在虚拟引擎中执行
9697ab9073754ace,2026-09-13T03:56:55.747014+00:00,True,home,,4,True,指令已在虚拟引擎中执行
8adc6893f5ff416d,2026-09-13T03:56:59.054927+00:00,True,home,,4,True,指令已在虚拟引擎中执行
31993b1c5e014c43,2026-09-13T03:56:59.069396+00:00,True,grab,red_cup,4,True,指令已在虚拟引擎中执行
a41e02485a514663,2026-09-13T03:56:59.085176+00:00,True,home,,4,True,指令已在虚拟引擎中执行
62ce6f3d3b0a44b3,2026-09-13T04:04:08.040635+00:00,True,grab,red_cup,4,True,指令已在虚拟引擎中执行
5dbd81c8f0b346af,2026-09-13T04:04:08.045489+00:00,False,,,0,False,暂时无法识别该指令。请带上「抓/拿/放/移/回零」等词，或在 .env 打开 LLM_BACKEND=api 以理解更自由的说法。
157f92a32b6946ae,2026-09-13T04:04:08.046496+00:00,False,,,0,False,思考遇到一些阻碍，请稍后再试。
4dbcf80f80c04142,2026-09-13T04:04:08.393347+00:00,True,grab,red_cup,4,True,指令已在虚拟引擎中执行
dd84a7622ba84b79,2026-09-13T04:04:09.355622+00:00,True,grab,red_cup,4,True,指令已在虚拟引擎中执行
6c0152d53a864298,2026-09-13T04:04:09.357646+00:00,False,,,0,False,暂时无法识别该指令。请带上「抓/拿/放/移/回零」等词，或在 .env 打开 LLM_BACKEND=api 以理解更自由的说法。
6733fa65c1f64b92,2026-09-13T04:04:09.706189+00:00,True,grab,red_cup,4,True,指令已在虚拟引擎中执行
dc0750b4045b49c7,2026-09-13T04:04:09.716660+00:00,True,grab,red_cup,4,True,指令已在虚拟引擎中执行
cf1a3cffb9b349ad,2026-09-13T04:04:09.717660+00:00,False,,,0,False,暂时无法识别该指令。请带上「抓/拿/放/移/回零」等词，或在 .env 打开 LLM_BACKEND=api 以理解更自由的说法。
23541144cb8349e0,2026-09-13T04:04:10.041658+00:00,True,grab,red_cup,4,True,指令已在虚拟引擎中执行
f366bea113914611,2026-09-13T04:04:10.346858+00:00,True,home,,4,True,指令已在虚拟引擎中执行
651093877dd1445e,2026-09-13T04:04:10.359820+00:00,True,grab,red_cup,4,True,指令已在虚拟引擎中执行
c0d01ac6042540fd,2026-09-13T04:04:10.668909+00:00,True,grab,red_cup,4,True,指令已在虚拟引擎中执行
9b4ef8fa1f4e4ea8,2026-09-13T04:04:11.161146+00:00,True,home,,4,False,指令已在虚拟引擎中执行
06debcd26e074632,2026-09-13T04:04:11.171153+00:00,True,grab,red_block,4,True,指令已在虚拟引擎中执行
d521640b2adc47c1,2026-09-13T04:04:11.178153+00:00,False,grab,red_block,0,True,"安全闸拒绝：关节目标超限。关节0: 9.0000 超出 [-2.8000, 2.8000]；关节1: -9.0000 超出 [-2.5000, 2.5000]"
6d936dbf52d14106,2026-09-13T04:04:12.597517+00:00,True,grab,red_cup,4,True,指令已在虚拟引擎中执行
315649673c7a4676,2026-09-13T04:04:12.600554+00:00,False,,,0,False,暂时无法识别该指令。请带上「抓/拿/放/移/回零」等词，或在 .env 打开 LLM_BACKEND=api 以理解更自由的说法。
fa7bbd7fd0494957,2026-09-13T04:04:12.602551+00:00,False,,,0,False,思考遇到一些阻碍，请稍后再试。
2ac5475a37994d1e,2026-09-13T04:04:12.853789+00:00,True,grab,red_cup,4,True,指令已在虚拟引擎中执行
520fb74532654f38,2026-09-13T04:04:12.862339+00:00,True,grab,red_cup,4,True,指令已在虚拟引擎中执行
818f2d58ef8b4072,2026-09-13T04:04:13.207694+00:00,True,home,,4,True,指令已在虚拟引擎中执行
ff1c99c7c86545cd,2026-09-13T04:04:13.216150+00:00,True,grab,red_cup,4,True,指令已在虚拟引擎中执行
ea360f6c35654beb,2026-09-13T04:04:13.506202+00:00,True,home,,4,True,指令已在虚拟引擎中执行
48c8313a399d4c82,2026-09-13T04:04:14.347148+00:00,True,home,,4,True,指令已在虚拟引擎中执行
d381701857e54247,2026-09-13T04:04:14.473272+00:00,True,grab,red_block,4,False,指令已在虚拟引擎中执行
f7483348abc14ddf,2026-09-13T04:04:14.981142+00:00,True,home,,4,False,指令已在虚拟引擎中执行
cbdc69650d2b4bee,2026-09-13T04:04:14.989161+00:00,True,grab,red_block,4,True,指令已在虚拟引擎中执行
6c458f6fe0b845bc,2026-09-13T04:04:14.998167+00:00,False,grab,red_block,0,True,"安全闸拒绝：关节目标超限。关节0: 9.0000 超出 [-2.8000, 2.8000]；关节1: -9.0000 超出 [-2.5000, 2.5000]"
b76b68b840d545ee,2026-09-13T04:04:16.351168+00:00,True,grab,red_cup,4,True,指令已在虚拟引擎中执行
0af9d25980e84366,2026-09-13T04:04:16.353895+00:00,False,,,0,False,暂时无法识别该指令。请带上「抓/拿/放/移/回零」等词，或在 .env 打开 LLM_BACKEND=api 以理解更自由的说法。
a009b9bb53be42db,2026-09-13T04:04:16.354901+00:00,False,,,0,False,思考遇到一些阻碍，请稍后再试。
351b2a49c15d4c10,2026-09-13T04:04:16.611206+00:00,True,grab,red_cup,4,True,指令已在虚拟引擎中执行
a97360998c124a64,2026-09-13T04:04:16.620206+00:00,True,grab,red_cup,4,True,指令已在虚拟引擎中执行
eed3443dbd524419,2026-09-13T04:04:16.965662+00:00,True,home,,4,True,指令已在虚拟引擎中执行
3e7dbaf515c7446b,2026-09-13T04:04:16.974174+00:00,True,grab,red_cup,4,True,指令已在虚拟引擎中执行
462901acdc14400c,2026-09-13T04:04:17.256573+00:00,True,home,,4,True,指令已在虚拟引擎中执行
dc0b2eddd8e34751,2026-09-13T04:04:17.774213+00:00,True,grab,red_cup,4,True,指令已在虚拟引擎中执行
10853ec289bc49e1,2026-09-13T04:04:17.783211+00:00,True,grab,red_cup,4,True,指令已在虚拟引擎中执行
5905ac00fe794d4e,2026-09-13T04:04:18.046254+00:00,True,home,,4,True,指令已在虚拟引擎中执行
d291c144a58144d7,2026-09-13T04:04:18.056715+00:00,True,grab,red_cup,4,True,指令已在虚拟引擎中执行
851f6dba392c4e62,2026-09-13T04:04:18.327323+00:00,True,home,,4,True,指令已在虚拟引擎中执行
bf82960cddf54d84,2026-09-13T04:04:18.517881+00:00,True,home,,4,True,指令已在虚拟引擎中执行
8aef5ebe16dd43ef,2026-09-13T04:04:24.400080+00:00,True,home,,4,False,指令已在虚拟引擎中执行
919f0efa40fc4d35,2026-09-13T04:04:24.409215+00:00,True,grab,red_block,4,True,指令已在虚拟引擎中执行
b0e97f8b0a074049,2026-09-13T04:04:24.417214+00:00,False,grab,red_block,0,True,"安全闸拒绝：关节目标超限。关节0: 9.0000 超出 [-2.8000, 2.8000]；关节1: -9.0000 超出 [-2.5000, 2.5000]"
734bda7b0e7c46b5,2026-09-13T04:04:25.796001+00:00,True,grab,red_cup,4,True,指令已在虚拟引擎中执行
2292dd5ad5c0486f,2026-09-13T04:04:25.799002+00:00,False,,,0,False,暂时无法识别该指令。请带上「抓/拿/放/移/回零」等词，或在 .env 打开 LLM_BACKEND=api 以理解更自由的说法。
f276038b045741ec,2026-09-13T04:04:25.801005+00:00,False,,,0,False,思考遇到一些阻碍，请稍后再试。
ff0aad6008004320,2026-09-13T04:04:26.061032+00:00,True,grab,red_cup,4,True,指令已在虚拟引擎中执行
09c91159b70442ca,2026-09-13T04:04:26.070114+00:00,True,grab,red_cup,4,True,指令已在虚拟引擎中执行
f7b6587d056c4f92,2026-09-13T04:04:26.411486+00:00,True,home,,4,True,指令已在虚拟引擎中执行
5b9263a26971485a,2026-09-13T04:04:26.419484+00:00,True,grab,red_cup,4,True,指令已在虚拟引擎中执行
0c47e3779839497d,2026-09-13T04:04:26.675702+00:00,True,home,,4,True,指令已在虚拟引擎中执行
5d1f504c79124d63,2026-09-13T04:04:27.402717+00:00,True,home,,4,True,指令已在虚拟引擎中执行
ff881491bf454a17,2026-09-13T04:04:29.256227+00:00,True,home,,4,True,指令已在虚拟引擎中执行
8227e8fc64c94fca,2026-09-13T04:04:29.317194+00:00,True,grab,red_cup,4,True,指令已在虚拟引擎中执行
830e328695b142d1,2026-09-13T04:04:30.067885+00:00,True,grab,red_block,4,True,指令已在虚拟引擎中执行
83fcfb4949ab45fc,2026-09-13T04:04:31.052692+00:00,True,grab,red_block,4,True,指令已在虚拟引擎中执行
b653a671b5264abd,2026-09-13T04:04:31.826030+00:00,True,grab,red_block,4,True,指令已在虚拟引擎中执行
42e32b2ed65d45c7,2026-09-13T04:04:31.838037+00:00,True,home,,4,True,指令已在虚拟引擎中执行
be7cd67c22db4e4f,2026-09-13T04:04:33.826864+00:00,True,home,,4,True,指令已在虚拟引擎中执行
b627760a00624236,2026-09-13T04:04:33.838884+00:00,True,grab,red_cup,4,True,指令已在虚拟引擎中执行
5281d99f44c24d8c,2026-09-13T04:04:33.849381+00:00,True,home,,4,True,指令已在虚拟引擎中执行
4c6c78efd54749c2,2026-09-13T04:04:34.754286+00:00,True,grab,red_block,4,True,指令已在虚拟引擎中执行
6fee2483f3ef4f9e,2026-09-13T04:04:35.789720+00:00,True,grab,red_block,4,True,指令已在虚拟引擎中执行
0316153cc7b2470a,2026-09-13T04:04:36.555640+00:00,True,grab,red_block,4,True,指令已在虚拟引擎中执行
9a893825717b49f0,2026-09-13T04:04:36.567643+00:00,True,home,,4,True,指令已在虚拟引擎中执行
fcf2937e345a4a56,2026-09-13T04:04:38.537402+00:00,True,home,,4,True,指令已在虚拟引擎中执行
fca1fc5f5363400f,2026-09-13T04:04:38.549859+00:00,True,grab,red_cup,4,True,指令已在虚拟引擎中执行
0a0449b33c924816,2026-09-13T04:04:38.560716+00:00,True,home,,4,True,指令已在虚拟引擎中执行
a96ee08b97d74926,2026-09-13T04:04:42.407224+00:00,True,home,,4,True,指令已在虚拟引擎中执行
3a9c2b21382e4f3a,2026-09-13T04:04:42.420056+00:00,True,grab,red_cup,4,True,指令已在虚拟引擎中执行
55b873b06c324389,2026-09-13T04:04:42.432169+00:00,True,home,,4,True,指令已在虚拟引擎中执行
1ca25f925b9d4591,2026-09-13T04:04:45.822985+00:00,True,home,,4,True,指令已在虚拟引擎中执行
cf9f1f507e544898,2026-09-13T04:04:45.837983+00:00,True,grab,red_cup,4,True,指令已在虚拟引擎中执行
044265c1e024495e,2026-09-13T04:04:45.848984+00:00,True,home,,4,True,指令已在虚拟引擎中执行
0189a6d21ec6400a,2026-09-14T04:51:54.175819+00:00,True,grab,red_cup,4,True,指令已在虚拟引擎中执行
d18db8861f434aff,2026-09-14T04:54:19.230876+00:00,True,grab,red_cup,4,True,指令已在虚拟引擎中执行
7aee79ce499740eb,2026-09-14T04:54:19.234112+00:00,False,,,0,False,暂时无法识别该指令。请带上「抓/拿/放/移/回零/等待」等词，或在 .env 打开 LLM_BACKEND=api 以理解更自由的说法。
ac4af368080c446f,2026-09-14T04:54:19.238113+00:00,False,,,0,False,思考遇到一些阻碍，请稍后再试。
e38a889fd1a5447f,2026-09-14T04:58:33.774167+00:00,True,grab,red_cup,4,True,指令已在虚拟引擎中执行
53787cd49d414ca9,2026-09-14T04:58:33.777395+00:00,False,,,0,False,暂时无法识别该指令。请带上「抓/拿/放/移/回零/等待」等词，或在 .env 打开 LLM_BACKEND=api 以理解更自由的说法。
2841f39fe6f249a5,2026-09-14T04:58:33.779394+00:00,False,,,0,False,思考遇到一些阻碍，请稍后再试。
7569da5325354b1c,2026-09-14T05:02:58.522292+00:00,True,home,,4,True,指令已在虚拟引擎中执行
78f2bf9af26849c9,2026-09-14T05:02:58.541513+00:00,True,grab,red_cup,4,True,指令已在虚拟引擎中执行
a37cd28b85df4e66,2026-09-14T05:02:58.555039+00:00,True,home,,4,True,指令已在虚拟引擎中执行
25f9d12c39634a34,2026-09-14T05:05:50.557029+00:00,True,grab,red_block,4,True,指令已在虚拟引擎中执行
c29ad60292ac4931,2026-09-14T05:05:51.608166+00:00,True,grab,red_block,4,True,指令已在虚拟引擎中执行
75706db56fcf4732,2026-09-14T05:05:52.364553+00:00,True,grab,red_block,4,True,指令已在虚拟引擎中执行
7ba4d6635be44ef9,2026-09-14T05:05:52.375681+00:00,True,home,,4,True,指令已在虚拟引擎中执行
ff3927aa9bd24aac,2026-09-14T05:05:54.328384+00:00,True,home,,4,True,指令已在虚拟引擎中执行
0ff2de41257e44b9,2026-09-14T05:05:54.344167+00:00,True,grab,red_cup,4,True,指令已在虚拟引擎中执行
76b2421f9ec54f95,2026-09-14T05:05:54.355181+00:00,True,home,,4,True,指令已在虚拟引擎中执行
eca5d88d9abe4fd4,2026-09-14T05:05:57.747703+00:00,True,home,,4,True,指令已在虚拟引擎中执行
fc054434acea4436,2026-09-14T05:05:57.760407+00:00,True,grab,red_cup,4,True,指令已在虚拟引擎中执行
687c571859bf47f5,2026-09-14T05:05:57.770566+00:00,True,home,,4,True,指令已在虚拟引擎中执行
42fcbd458e764194,2026-09-14T05:06:01.156494+00:00,True,home,,4,True,指令已在虚拟引擎中执行
5b8a1dbd7b2e4040,2026-09-14T05:06:01.169888+00:00,True,grab,red_cup,4,True,指令已在虚拟引擎中执行
3d660ccd97cc4fd7,2026-09-14T05:06:01.179418+00:00,True,home,,4,True,指令已在虚拟引擎中执行
298ce58e336b46e3,2026-09-14T05:06:01.490489+00:00,True,grab,red_cup,4,True,指令已在虚拟引擎中执行
4673152c3f0a48d0,2026-09-14T05:06:01.492919+00:00,False,,,0,False,暂时无法识别该指令。请带上「抓/拿/放/移/回零/等待」等词，或在 .env 打开 LLM_BACKEND=api 以理解更自由的说法。
d3332437ebcc46ab,2026-09-14T05:06:01.493924+00:00,False,,,0,False,思考遇到一些阻碍，请稍后再试。
90c92693631a4666,2026-09-14T05:57:06.097781+00:00,True,grab,red_block,4,True,指令已在虚拟引擎中执行
3e2b7c3fe25e4570,2026-09-14T05:57:06.834633+00:00,True,grab,red_block,4,True,指令已在虚拟引擎中执行
c80390803ee64cb2,2026-09-14T05:57:25.179771+00:00,True,grab,red_cup,1,False,step3_browse
fdd782f16b6e441f,2026-09-14T05:57:25.559411+00:00,True,home,,4,True,指令已在虚拟引擎中执行
5b7a5de610c546ab,2026-09-14T06:04:05.959681+00:00,True,grab,red_block,4,True,指令已在虚拟引擎中执行
840a4fef48104ac2,2026-09-14T06:06:25.341072+00:00,True,grab,red_block,4,True,指令已在虚拟引擎中执行
d296944aa02e4cb8,2026-09-14T06:09:08.291177+00:00,True,grab,red_block,4,True,指令已在虚拟引擎中执行
e18bca8ef41a458c,2026-09-14T06:09:10.125215+00:00,True,grab,red_block,4,True,指令已在虚拟引擎中执行
9a3e206b7303499b,2026-09-14T06:09:11.231605+00:00,True,grab,red_block,4,True,指令已在虚拟引擎中执行
0cb2418b609a4343,2026-09-14T06:09:12.023225+00:00,True,grab,red_block,4,True,指令已在虚拟引擎中执行
f87207104af64c4b,2026-09-14T06:09:12.036224+00:00,True,home,,4,True,指令已在虚拟引擎中执行
fa975311a9a849c3,2026-09-14T06:09:14.142999+00:00,True,home,,4,True,指令已在虚拟引擎中执行
bd958c646c374fe2,2026-09-14T06:09:14.159114+00:00,True,grab,red_cup,4,True,指令已在虚拟引擎中执行
58402ff5ad3e4821,2026-09-14T06:09:14.170601+00:00,True,home,,4,True,指令已在虚拟引擎中执行
90116d46fc024827,2026-09-14T06:09:17.213438+00:00,True,home,,4,True,指令已在虚拟引擎中执行
2fc71845f7ab4274,2026-09-14T06:09:17.229616+00:00,True,grab,red_cup,4,True,指令已在虚拟引擎中执行
062f5bed0eac4e69,2026-09-14T06:09:17.241616+00:00,True,home,,4,True,指令已在虚拟引擎中执行
1d6afea3b4fc434a,2026-09-14T06:09:21.216794+00:00,True,home,,4,True,指令已在虚拟引擎中执行
53ae4e2cf14d4212,2026-09-14T06:09:21.231644+00:00,True,grab,red_cup,4,True,指令已在虚拟引擎中执行
63fbbe1be3964ff3,2026-09-14T06:09:21.241968+00:00,True,home,,4,True,指令已在虚拟引擎中执行
a11936c06afc4278,2026-09-14T06:09:21.610178+00:00,True,grab,red_cup,4,True,指令已在虚拟引擎中执行
fb31bb773f5d4925,2026-09-14T06:09:21.612185+00:00,False,,,0,False,暂时无法识别该指令。请带上「抓/拿/放/移/回零/等待」等词，或在 .env 打开 LLM_BACKEND=api 以理解更自由的说法。
6c8c9b62372843ba,2026-09-14T06:09:21.615565+00:00,False,,,0,False,思考遇到一些阻碍，请稍后再试。
0c05b01d30e34418,2026-09-14T06:09:22.536180+00:00,True,grab,red_block,4,True,指令已在虚拟引擎中执行
54b17d2cbb69445e,2026-09-14T06:09:23.592440+00:00,True,grab,red_block,4,True,指令已在虚拟引擎中执行
561bd5748e914032,2026-09-14T06:09:24.441796+00:00,True,grab,red_block,4,True,指令已在虚拟引擎中执行
212a595be1304487,2026-09-14T06:09:24.456802+00:00,True,home,,4,True,指令已在虚拟引擎中执行
90afc275b0f34240,2026-09-14T06:09:26.469217+00:00,True,home,,4,True,指令已在虚拟引擎中执行
3a2e80f474ad4781,2026-09-14T06:09:26.482734+00:00,True,grab,red_cup,4,True,指令已在虚拟引擎中执行
ec39697b192e4348,2026-09-14T06:09:26.494188+00:00,True,home,,4,True,指令已在虚拟引擎中执行
7256485e65444e90,2026-09-14T06:09:28.939851+00:00,True,home,,4,True,指令已在虚拟引擎中执行
1d1e9018b80a4127,2026-09-14T06:09:28.954012+00:00,True,grab,red_cup,4,True,指令已在虚拟引擎中执行
be9556e481d24c38,2026-09-14T06:09:28.965296+00:00,True,home,,4,True,指令已在虚拟引擎中执行
d9fa64d3051548b7,2026-09-14T06:09:31.893099+00:00,True,home,,4,True,指令已在虚拟引擎中执行
36bb0f7b89334a0f,2026-09-14T06:09:31.907205+00:00,True,grab,red_cup,4,True,指令已在虚拟引擎中执行
da0d16a16d2849bd,2026-09-14T06:09:31.918256+00:00,True,home,,4,True,指令已在虚拟引擎中执行
29825ae2b3454292,2026-09-14T06:13:20.671150+00:00,False,,,0,False,暂时无法识别该指令。请带上「抓/拿/放/移/回零/等待」等词，或在 .env 打开 LLM_BACKEND=api 以理解更自由的说法。
de256ebe95104455,2026-09-14T06:13:23.799732+00:00,False,,,0,False,该指令涉及危险或不当操作（如无视限位、故意撞击），已被拒绝执行。请改用正常机械臂动作，例如「抓起红色积木」「回零」。
43f892c304a3442c,2026-09-14T06:13:25.030772+00:00,True,grab,red_block,4,True,指令已在虚拟引擎中执行
15f48e4c97984870,2026-09-14T06:13:26.966150+00:00,True,home,,10,False,指令已在虚拟引擎中执行
5970e97adbe74ddb,2026-09-14T06:13:28.016397+00:00,True,grab,red_block,4,True,指令已在虚拟引擎中执行
ce48b599b6b74673,2026-09-15T02:37:15.076481+00:00,True,grab,red_block,4,True,指令已在虚拟引擎中执行
67dbb363db04401b,2026-09-15T02:37:23.054321+00:00,False,,,0,False,暂时无法识别该指令。请带上「抓/拿/放/移/回零/等待」等词，或在 .env 打开 LLM_BACKEND=api 以理解更自由的说法。
b7c29b6636134cc1,2026-09-15T02:37:24.477676+00:00,False,,,0,False,暂时无法识别该指令。请带上「抓/拿/放/移/回零/等待」等词，或在 .env 打开 LLM_BACKEND=api 以理解更自由的说法。
5bfae306ab104fb5,2026-09-19T07:54:59.071819+00:00,True,grab,red_block,4,True,指令已在虚拟引擎中执行
c28afa554cb64c6a,2026-09-19T07:56:34.303699+00:00,True,grab,red_block,4,True,指令已在虚拟引擎中执行
10c94dd3ee8f49b6,2026-09-19T07:56:36.401588+00:00,True,grab,red_block,4,True,指令已在虚拟引擎中执行
f16bd08d205d4542,2026-09-19T07:56:41.712604+00:00,True,grab,red_block,4,True,指令已在虚拟引擎中执行
50ed234d234448cf,2026-09-19T07:56:43.200732+00:00,True,grab,red_block,4,True,指令已在虚拟引擎中执行
a88d392297124c69,2026-09-19T07:56:44.947688+00:00,True,grab,red_block,4,True,指令已在虚拟引擎中执行
8e4a063f2a5b47d3,2026-09-19T07:57:25.283641+00:00,False,,,0,False,暂时无法识别该指令。请带上「抓/拿/放/移/回零/等待」等词，或在 .env 打开 LLM_BACKEND=api 以理解更自由的说法。
992fb4cef6f34ee4,2026-09-19T07:57:26.401028+00:00,False,,,0,False,该指令涉及危险或不当操作（如无视限位、故意撞击），已被拒绝执行。请改用正常机械臂动作，例如「抓起红色积木」「回零」。
6b641aea420b4532,2026-09-19T07:57:27.563366+00:00,True,grab,red_block,4,True,指令已在虚拟引擎中执行
f4f7692465ef4a75,2026-09-19T07:57:28.077165+00:00,True,home,,10,False,指令已在虚拟引擎中执行
8e6360a9280b46b4,2026-09-19T08:02:35.397838+00:00,False,,,0,False,暂时无法识别该指令。请带上「抓/拿/放/移/回零/等待」等词，或在 .env 打开 LLM_BACKEND=api 以理解更自由的说法。
